username,first_name,last_name,email,password
hgutierrez,Tina,Jordan,nmarquez@example.org,^iZ6BtRaht
popetimothy,Jorge,Daniels,davidvang@example.com,%8FD6yNTEg
derrickfox,Robert,Howell,churst@example.net,VK6VQ1#p$T
johnny43,Amy,Horne,mark88@example.net,@a8Dnwr%a#
madelinecobb,Regina,Brock,jacob64@example.com,)*Pw7yYflN
jessica82,Robert,Hodges,daviesmario@example.com,rvA)6Nw#ZB
brendarichardson,Jessica,Johnson,jeanneenglish@example.com,_g%qzIjz0g
vcooper,Emily,Robbins,wfrazier@example.net,^jNvtwnOT3
taylor08,Joseph,Stone,mccannnicholas@example.org,%Y3+6KofQ8
imorris,John,Williams,vincentrebecca@example.com,G0tqZpZH&6
